Type,Filter,TRUTH.TOTAL,TRUTH.TP,TRUTH.FN,QUERY.TOTAL,QUERY.FP,QUERY.UNK,FP.gt,FP.al,METRIC.Recall,METRIC.Precision,METRIC.Frac_NA,METRIC.F1_Score,TRUTH.TOTAL.TiTv_ratio,QUERY.TOTAL.TiTv_ratio,TRUTH.TOTAL.het_hom_ratio,QUERY.TOTAL.het_hom_ratio,prefix,patient,capture,sequencer,depth
INDEL,ALL,549,483,66,887,72,327,17,9,0.879781,0.871429,0.368658,0.875585,,,1.86096256684492,2.2509225092250924,HG001_hiseq4000_agilent_50x.haplotypecaller,HG001,agilent,hiseq4000,50
INDEL,PASS,549,483,66,887,72,327,17,9,0.879781,0.871429,0.368658,0.875585,,,1.86096256684492,2.2509225092250924,HG001_hiseq4000_agilent_50x.haplotypecaller,HG001,agilent,hiseq4000,50
SNP,ALL,21973,21364,609,26006,578,4064,73,60,0.972284,0.973658,0.156272,0.972971,3.007110300820419,2.813810291746078,1.5918102430965306,1.7843830334190232,HG001_hiseq4000_agilent_50x.haplotypecaller,HG001,agilent,hiseq4000,50
SNP,PASS,21973,21364,609,26006,578,4064,73,60,0.972284,0.973658,0.156272,0.972971,3.007110300820419,2.813810291746078,1.5918102430965306,1.7843830334190232,HG001_hiseq4000_agilent_50x.haplotypecaller,HG001,agilent,hiseq4000,50
INDEL,ALL,376,327,49,669,67,271,10,8,0.869681,0.831658,0.405082,0.850245,,,1.781954887218045,2.2610837438423643,HG001_hiseq4000_idt_50x.haplotypecaller,HG001,idt,hiseq4000,50
INDEL,PASS,376,327,49,669,67,271,10,8,0.869681,0.831658,0.405082,0.850245,,,1.781954887218045,2.2610837438423643,HG001_hiseq4000_idt_50x.haplotypecaller,HG001,idt,hiseq4000,50
SNP,ALL,20162,19307,855,23103,551,3245,63,58,0.957593,0.972253,0.140458,0.964868,3.0875557357113905,2.925938508578223,1.5809426229508197,1.7568955223880598,HG001_hiseq4000_idt_50x.haplotypecaller,HG001,idt,hiseq4000,50
SNP,PASS,20162,19307,855,23103,551,3245,63,58,0.957593,0.972253,0.140458,0.964868,3.0875557357113905,2.925938508578223,1.5809426229508197,1.7568955223880598,HG001_hiseq4000_idt_50x.haplotypecaller,HG001,idt,hiseq4000,50
INDEL,ALL,1777,1491,286,2907,496,903,96,60,0.839055,0.752495,0.31063,0.793421,,,1.525697503671072,2.4902676399026764,HG001_hiseq4000_truseq_50x.haplotypecaller,HG001,truseq,hiseq4000,50
INDEL,PASS,1777,1491,286,2907,496,903,96,60,0.839055,0.752495,0.31063,0.793421,,,1.525697503671072,2.4902676399026764,HG001_hiseq4000_truseq_50x.haplotypecaller,HG001,truseq,hiseq4000,50
SNP,ALL,30041,28936,1105,35217,1026,5251,130,83,0.963217,0.965761,0.149104,0.964487,2.7845088161209066,2.6220828621363217,1.6014900805683099,1.7575211532434973,HG001_hiseq4000_truseq_50x.haplotypecaller,HG001,truseq,hiseq4000,50
SNP,PASS,30041,28936,1105,35217,1026,5251,130,83,0.963217,0.965761,0.149104,0.964487,2.7845088161209066,2.6220828621363217,1.6014900805683099,1.7575211532434973,HG001_hiseq4000_truseq_50x.haplotypecaller,HG001,truseq,hiseq4000,50
INDEL,ALL,549,506,43,1117,139,463,20,18,0.921676,0.787462,0.414503,0.849299,,,1.86096256684492,3.169811320754717,HG001_novaseq_agilent_100x.haplotypecaller,HG001,agilent,novaseq,100
INDEL,PASS,549,506,43,1117,139,463,20,18,0.921676,0.787462,0.414503,0.849299,,,1.86096256684492,3.169811320754717,HG001_novaseq_agilent_100x.haplotypecaller,HG001,agilent,novaseq,100
SNP,ALL,21973,21617,356,27483,770,5096,64,78,0.983798,0.965605,0.185424,0.974617,3.007110300820419,2.739763297510543,1.5918102430965306,1.9185169446510146,HG001_novaseq_agilent_100x.haplotypecaller,HG001,agilent,novaseq,100
SNP,PASS,21973,21617,356,27483,770,5096,64,78,0.983798,0.965605,0.185424,0.974617,3.007110300820419,2.739763297510543,1.5918102430965306,1.9185169446510146,HG001_novaseq_agilent_100x.haplotypecaller,HG001,agilent,novaseq,100
INDEL,ALL,549,507,42,1088,144,429,17,10,0.923497,0.781487,0.394301,0.846578,,,1.86096256684492,3.146153846153846,HG001_novaseq_agilent_50x.haplotypecaller,HG001,agilent,novaseq,50
INDEL,PASS,549,507,42,1088,144,429,17,10,0.923497,0.781487,0.394301,0.846578,,,1.86096256684492,3.146153846153846,HG001_novaseq_agilent_50x.haplotypecaller,HG001,agilent,novaseq,50
SNP,ALL,21973,21578,395,27287,714,4995,62,70,0.982023,0.967971,0.183054,0.974946,3.007110300820419,2.745574310415809,1.5918102430965306,1.9067561807331628,HG001_novaseq_agilent_50x.haplotypecaller,HG001,agilent,novaseq,50
SNP,PASS,21973,21578,395,27287,714,4995,62,70,0.982023,0.967971,0.183054,0.974946,3.007110300820419,2.745574310415809,1.5918102430965306,1.9067561807331628,HG001_novaseq_agilent_50x.haplotypecaller,HG001,agilent,novaseq,50
INDEL,ALL,549,504,45,1090,131,447,22,16,0.918033,0.796267,0.410092,0.852826,,,1.86096256684492,3.1945525291828796,HG001_novaseq_agilent_75x.haplotypecaller,HG001,agilent,novaseq,75
INDEL,PASS,549,504,45,1090,131,447,22,16,0.918033,0.796267,0.410092,0.852826,,,1.86096256684492,3.1945525291828796,HG001_novaseq_agilent_75x.haplotypecaller,HG001,agilent,novaseq,75
SNP,ALL,21973,21607,366,27458,761,5090,69,78,0.983343,0.965978,0.185374,0.974583,3.007110300820419,2.7302729865543935,1.5918102430965306,1.9236259054111633,HG001_novaseq_agilent_75x.haplotypecaller,HG001,agilent,novaseq,75
SNP,PASS,21973,21607,366,27458,761,5090,69,78,0.983343,0.965978,0.185374,0.974583,3.007110300820419,2.7302729865543935,1.5918102430965306,1.9236259054111633,HG001_novaseq_agilent_75x.haplotypecaller,HG001,agilent,novaseq,75
INDEL,ALL,376,327,49,706,59,312,11,4,0.869681,0.850254,0.441926,0.859858,,,1.781954887218045,2.723404255319149,HG001_novaseq_idt_100x.haplotypecaller,HG001,idt,novaseq,100
INDEL,PASS,376,327,49,706,59,312,11,4,0.869681,0.850254,0.441926,0.859858,,,1.781954887218045,2.723404255319149,HG001_novaseq_idt_100x.haplotypecaller,HG001,idt,novaseq,100
SNP,ALL,20162,19431,731,23788,669,3694,67,70,0.963744,0.966706,0.155288,0.965223,3.0875557357113905,2.8774645592308947,1.5809426229508197,1.8148455072806913,HG001_novaseq_idt_100x.haplotypecaller,HG001,idt,novaseq,100
SNP,PASS,20162,19431,731,23788,669,3694,67,70,0.963744,0.966706,0.155288,0.965223,3.0875557357113905,2.8774645592308947,1.5809426229508197,1.8148455072806913,HG001_novaseq_idt_100x.haplotypecaller,HG001,idt,novaseq,100
INDEL,ALL,376,322,54,717,81,310,13,5,0.856383,0.800983,0.432357,0.827757,,,1.781954887218045,2.767195767195767,HG001_novaseq_idt_50x.haplotypecaller,HG001,idt,novaseq,50
INDEL,PASS,376,322,54,717,81,310,13,5,0.856383,0.800983,0.432357,0.827757,,,1.781954887218045,2.767195767195767,HG001_novaseq_idt_50x.haplotypecaller,HG001,idt,novaseq,50
SNP,ALL,20162,19377,785,23596,612,3607,74,67,0.961065,0.969383,0.152865,0.965206,3.0875557357113905,2.895692358474996,1.5809426229508197,1.787613757239097,HG001_novaseq_idt_50x.haplotypecaller,HG001,idt,novaseq,50
SNP,PASS,20162,19377,785,23596,612,3607,74,67,0.961065,0.969383,0.152865,0.965206,3.0875557357113905,2.895692358474996,1.5809426229508197,1.787613757239097,HG001_novaseq_idt_50x.haplotypecaller,HG001,idt,novaseq,50
INDEL,ALL,376,323,53,701,68,302,11,5,0.859043,0.829574,0.430813,0.844051,,,1.781954887218045,2.6914893617021276,HG001_novaseq_idt_75x.haplotypecaller,HG001,idt,novaseq,75
INDEL,PASS,376,323,53,701,68,302,11,5,0.859043,0.829574,0.430813,0.844051,,,1.781954887218045,2.6914893617021276,HG001_novaseq_idt_75x.haplotypecaller,HG001,idt,novaseq,75
SNP,ALL,20162,19415,747,23740,656,3675,75,69,0.96295,0.967306,0.154802,0.965123,3.0875557357113905,2.8842001962708537,1.5809426229508197,1.8058413148870758,HG001_novaseq_idt_75x.haplotypecaller,HG001,idt,novaseq,75
SNP,PASS,20162,19415,747,23740,656,3675,75,69,0.96295,0.967306,0.154802,0.965123,3.0875557357113905,2.8842001962708537,1.5809426229508197,1.8058413148870758,HG001_novaseq_idt_75x.haplotypecaller,HG001,idt,novaseq,75
INDEL,ALL,1777,1577,200,3390,552,1236,96,59,0.887451,0.743733,0.364602,0.80926,,,1.525697503671072,2.947867298578199,HG001_novaseq_truseq_50x.haplotypecaller,HG001,truseq,novaseq,50
INDEL,PASS,1777,1577,200,3390,552,1236,96,59,0.887451,0.743733,0.364602,0.80926,,,1.525697503671072,2.947867298578199,HG001_novaseq_truseq_50x.haplotypecaller,HG001,truseq,novaseq,50
SNP,ALL,30041,29093,948,35286,942,5247,128,82,0.968443,0.968641,0.148699,0.968542,2.7845088161209066,2.6300904977375565,1.6014900805683099,1.7594679186228481,HG001_novaseq_truseq_50x.haplotypecaller,HG001,truseq,novaseq,50
SNP,PASS,30041,29093,948,35286,942,5247,128,82,0.968443,0.968641,0.148699,0.968542,2.7845088161209066,2.6300904977375565,1.6014900805683099,1.7594679186228481,HG001_novaseq_truseq_50x.haplotypecaller,HG001,truseq,novaseq,50
INDEL,ALL,1777,1584,193,3449,556,1283,103,60,0.89139,0.743306,0.371992,0.81064,,,1.525697503671072,2.9811542991755005,HG001_novaseq_truseq_75x.haplotypecaller,HG001,truseq,novaseq,75
INDEL,PASS,1777,1584,193,3449,556,1283,103,60,0.89139,0.743306,0.371992,0.81064,,,1.525697503671072,2.9811542991755005,HG001_novaseq_truseq_75x.haplotypecaller,HG001,truseq,novaseq,75
SNP,ALL,30041,29208,833,35501,953,5336,108,78,0.972271,0.968407,0.150306,0.970335,2.7845088161209066,2.6175002546602832,1.6014900805683099,1.7660586217648893,HG001_novaseq_truseq_75x.haplotypecaller,HG001,truseq,novaseq,75
SNP,PASS,30041,29208,833,35501,953,5336,108,78,0.972271,0.968407,0.150306,0.970335,2.7845088161209066,2.6175002546602832,1.6014900805683099,1.7660586217648893,HG001_novaseq_truseq_75x.haplotypecaller,HG001,truseq,novaseq,75
INDEL,ALL,561,501,60,892,83,297,13,10,0.893048,0.860504,0.33296,0.876474,,,1.631578947368421,2.455252918287938,HG002_hiseq4000_agilent_50x.haplotypecaller,HG002,agilent,hiseq4000,50
INDEL,PASS,561,501,60,892,83,297,13,10,0.893048,0.860504,0.33296,0.876474,,,1.631578947368421,2.455252918287938,HG002_hiseq4000_agilent_50x.haplotypecaller,HG002,agilent,hiseq4000,50
SNP,ALL,22708,21966,742,26068,782,3328,76,63,0.967324,0.965611,0.127666,0.966467,2.9559463694932964,2.789741354257483,1.631682709033979,1.8254880694143167,HG002_hiseq4000_agilent_50x.haplotypecaller,HG002,agilent,hiseq4000,50
SNP,PASS,22708,21966,742,26068,782,3328,76,63,0.967324,0.965611,0.127666,0.966467,2.9559463694932964,2.789741354257483,1.631682709033979,1.8254880694143167,HG002_hiseq4000_agilent_50x.haplotypecaller,HG002,agilent,hiseq4000,50
INDEL,ALL,399,349,50,701,67,273,7,4,0.874687,0.843458,0.389444,0.858789,,,1.8345323741007193,2.808743169398907,HG002_hiseq4000_idt_50x.haplotypecaller,HG002,idt,hiseq4000,50
INDEL,PASS,399,349,50,701,67,273,7,4,0.874687,0.843458,0.389444,0.858789,,,1.8345323741007193,2.808743169398907,HG002_hiseq4000_idt_50x.haplotypecaller,HG002,idt,hiseq4000,50
SNP,ALL,20853,19915,938,23338,699,2737,59,62,0.955018,0.96607,0.117277,0.960512,3.0348095146006577,2.889721805763785,1.6357197065519857,1.825075711689885,HG002_hiseq4000_idt_50x.haplotypecaller,HG002,idt,hiseq4000,50
SNP,PASS,20853,19915,938,23338,699,2737,59,62,0.955018,0.96607,0.117277,0.960512,3.0348095146006577,2.889721805763785,1.6357197065519857,1.825075711689885,HG002_hiseq4000_idt_50x.haplotypecaller,HG002,idt,hiseq4000,50
INDEL,ALL,1993,1621,372,3011,582,773,117,74,0.813347,0.739946,0.256725,0.774912,,,1.5435356200527703,2.667076167076167,HG002_hiseq4000_truseq_50x.haplotypecaller,HG002,truseq,hiseq4000,50
INDEL,PASS,1993,1621,372,3011,582,773,117,74,0.813347,0.739946,0.256725,0.774912,,,1.5435356200527703,2.667076167076167,HG002_hiseq4000_truseq_50x.haplotypecaller,HG002,truseq,hiseq4000,50
SNP,ALL,31187,29849,1338,35608,1314,4462,161,99,0.957098,0.957812,0.125309,0.957454,2.76481235670327,2.6285015788937556,1.6196839805009244,1.7825645035183737,HG002_hiseq4000_truseq_50x.haplotypecaller,HG002,truseq,hiseq4000,50
SNP,PASS,31187,29849,1338,35608,1314,4462,161,99,0.957098,0.957812,0.125309,0.957454,2.76481235670327,2.6285015788937556,1.6196839805009244,1.7825645035183737,HG002_hiseq4000_truseq_50x.haplotypecaller,HG002,truseq,hiseq4000,50
INDEL,ALL,561,508,53,1126,164,436,29,24,0.905526,0.762319,0.387211,0.827774,,,1.631578947368421,3.156716417910448,HG002_novaseq_agilent_100x.haplotypecaller,HG002,agilent,novaseq,100
INDEL,PASS,561,508,53,1126,164,436,29,24,0.905526,0.762319,0.387211,0.827774,,,1.631578947368421,3.156716417910448,HG002_novaseq_agilent_100x.haplotypecaller,HG002,agilent,novaseq,100
SNP,ALL,22708,22258,450,27414,936,4236,63,70,0.980183,0.959617,0.15452,0.969791,2.9559463694932964,2.714382448537378,1.631682709033979,1.9228635442227675,HG002_novaseq_agilent_100x.haplotypecaller,HG002,agilent,novaseq,100
SNP,PASS,22708,22258,450,27414,936,4236,63,70,0.980183,0.959617,0.15452,0.969791,2.9559463694932964,2.714382448537378,1.631682709033979,1.9228635442227675,HG002_novaseq_agilent_100x.haplotypecaller,HG002,agilent,novaseq,100
INDEL,ALL,561,512,49,1102,144,428,19,14,0.912656,0.78635,0.388385,0.844808,,,1.631578947368421,3.0183823529411766,HG002_novaseq_agilent_50x.haplotypecaller,HG002,agilent,novaseq,50
INDEL,PASS,561,512,49,1102,144,428,19,14,0.912656,0.78635,0.388385,0.844808,,,1.631578947368421,3.0183823529411766,HG002_novaseq_agilent_50x.haplotypecaller,HG002,agilent,novaseq,50
SNP,ALL,22708,22186,522,27240,936,4134,64,67,0.977013,0.959491,0.151762,0.968173,2.9559463694932964,2.7317540736683554,1.631682709033979,1.9176848874598071,HG002_novaseq_agilent_50x.haplotypecaller,HG002,agilent,novaseq,50
SNP,PASS,22708,22186,522,27240,936,4134,64,67,0.977013,0.959491,0.151762,0.968173,2.9559463694932964,2.7317540736683554,1.631682709033979,1.9176848874598071,HG002_novaseq_agilent_50x.haplotypecaller,HG002,agilent,novaseq,50
INDEL,ALL,561,512,49,1120,152,438,25,20,0.912656,0.777126,0.391071,0.839456,,,1.631578947368421,3.0808823529411766,HG002_novaseq_agilent_75x.haplotypecaller,HG002,agilent,novaseq,75
INDEL,PASS,561,512,49,1120,152,438,25,20,0.912656,0.777126,0.391071,0.839456,,,1.631578947368421,3.0808823529411766,HG002_novaseq_agilent_75x.haplotypecaller,HG002,agilent,novaseq,75
SNP,ALL,22708,22238,470,27366,915,4229,64,67,0.979302,0.960453,0.154535,0.969786,2.9559463694932964,2.712677966101695,1.631682709033979,1.9184631803628602,HG002_novaseq_agilent_75x.haplotypecaller,HG002,agilent,novaseq,75
SNP,PASS,22708,22238,470,27366,915,4229,64,67,0.979302,0.960453,0.154535,0.969786,2.9559463694932964,2.712677966101695,1.631682709033979,1.9184631803628602,HG002_novaseq_agilent_75x.haplotypecaller,HG002,agilent,novaseq,75
INDEL,ALL,399,346,53,778,89,329,13,17,0.867168,0.801782,0.422879,0.833194,,,1.8345323741007193,3.3184357541899443,HG002_novaseq_idt_100x.haplotypecaller,HG002,idt,novaseq,100
INDEL,PASS,399,346,53,778,89,329,13,17,0.867168,0.801782,0.422879,0.833194,,,1.8345323741007193,3.3184357541899443,HG002_novaseq_idt_100x.haplotypecaller,HG002,idt,novaseq,100
SNP,ALL,20853,20096,757,23908,710,3118,58,62,0.963698,0.965849,0.130417,0.964772,3.0348095146006577,2.8429168005139736,1.6357197065519857,1.8619532654284003,HG002_novaseq_idt_100x.haplotypecaller,HG002,idt,novaseq,100
SNP,PASS,20853,20096,757,23908,710,3118,58,62,0.963698,0.965849,0.130417,0.964772,3.0348095146006577,2.8429168005139736,1.6357197065519857,1.8619532654284003,HG002_novaseq_idt_100x.haplotypecaller,HG002,idt,novaseq,100
INDEL,ALL,399,344,55,747,89,300,14,15,0.862155,0.800895,0.401606,0.830397,,,1.8345323741007193,3.1452513966480447,HG002_novaseq_idt_50x.haplotypecaller,HG002,idt,novaseq,50
INDEL,PASS,399,344,55,747,89,300,14,15,0.862155,0.800895,0.401606,0.830397,,,1.8345323741007193,3.1452513966480447,HG002_novaseq_idt_50x.haplotypecaller,HG002,idt,novaseq,50
SNP,ALL,20853,20043,810,23809,739,3043,63,59,0.961157,0.964413,0.127809,0.962782,3.0348095146006577,2.846327683615819,1.6357197065519857,1.8510969907684929,HG002_novaseq_idt_50x.haplotypecaller,HG002,idt,novaseq,50
SNP,PASS,20853,20043,810,23809,739,3043,63,59,0.961157,0.964413,0.127809,0.962782,3.0348095146006577,2.846327683615819,1.6357197065519857,1.8510969907684929,HG002_novaseq_idt_50x.haplotypecaller,HG002,idt,novaseq,50
INDEL,ALL,399,346,53,765,88,317,13,14,0.867168,0.803571,0.414379,0.834159,,,1.8345323741007193,3.1988950276243093,HG002_novaseq_idt_75x.haplotypecaller,HG002,idt,novaseq,75
INDEL,PASS,399,346,53,765,88,317,13,14,0.867168,0.803571,0.414379,0.834159,,,1.8345323741007193,3.1988950276243093,HG002_novaseq_idt_75x.haplotypecaller,HG002,idt,novaseq,75
SNP,ALL,20853,20083,770,23909,733,3109,58,59,0.963075,0.96476,0.130035,0.963917,3.0348095146006577,2.8375300721732155,1.6357197065519857,1.8706575309532396,HG002_novaseq_idt_75x.haplotypecaller,HG002,idt,novaseq,75
SNP,PASS,20853,20083,770,23909,733,3109,58,59,0.963075,0.96476,0.130035,0.963917,3.0348095146006577,2.8375300721732155,1.6357197065519857,1.8706575309532396,HG002_novaseq_idt_75x.haplotypecaller,HG002,idt,novaseq,75
INDEL,ALL,1993,1718,275,3464,636,1065,125,78,0.862017,0.73489,0.307448,0.793393,,,1.5435356200527703,3.220024721878863,HG002_novaseq_truseq_50x.haplotypecaller,HG002,truseq,novaseq,50
INDEL,PASS,1993,1718,275,3464,636,1065,125,78,0.862017,0.73489,0.307448,0.793393,,,1.5435356200527703,3.220024721878863,HG002_novaseq_truseq_50x.haplotypecaller,HG002,truseq,novaseq,50
SNP,ALL,31187,30047,1140,35912,1428,4451,142,86,0.963446,0.95461,0.123942,0.959008,2.76481235670327,2.6326592517694642,1.6196839805009244,1.797568009977395,HG002_novaseq_truseq_50x.haplotypecaller,HG002,truseq,novaseq,50
SNP,PASS,31187,30047,1140,35912,1428,4451,142,86,0.963446,0.95461,0.123942,0.959008,2.76481235670327,2.6326592517694642,1.6196839805009244,1.797568009977395,HG002_novaseq_truseq_50x.haplotypecaller,HG002,truseq,novaseq,50
INDEL,ALL,1993,1746,247,3545,639,1112,122,82,0.876066,0.737361,0.313681,0.800752,,,1.5435356200527703,3.253968253968254,HG002_novaseq_truseq_75x.haplotypecaller,HG002,truseq,novaseq,75
INDEL,PASS,1993,1746,247,3545,639,1112,122,82,0.876066,0.737361,0.313681,0.800752,,,1.5435356200527703,3.253968253968254,HG002_novaseq_truseq_75x.haplotypecaller,HG002,truseq,novaseq,75
SNP,ALL,31187,30193,994,35964,1331,4456,116,86,0.968128,0.957757,0.123902,0.962914,2.76481235670327,2.626915322580645,1.6196839805009244,1.8006701472765527,HG002_novaseq_truseq_75x.haplotypecaller,HG002,truseq,novaseq,75
SNP,PASS,31187,30193,994,35964,1331,4456,116,86,0.968128,0.957757,0.123902,0.962914,2.76481235670327,2.626915322580645,1.6196839805009244,1.8006701472765527,HG002_novaseq_truseq_75x.haplotypecaller,HG002,truseq,novaseq,75
INDEL,ALL,570,504,66,894,71,312,15,10,0.884211,0.878007,0.348993,0.881098,,,1.7738693467336684,2.221014492753623,HG003_hiseq4000_agilent_50x.haplotypecaller,HG003,agilent,hiseq4000,50
INDEL,PASS,570,504,66,894,71,312,15,10,0.884211,0.878007,0.348993,0.881098,,,1.7738693467336684,2.221014492753623,HG003_hiseq4000_agilent_50x.haplotypecaller,HG003,agilent,hiseq4000,50
SNP,ALL,22580,21833,747,26155,756,3566,92,89,0.966918,0.966532,0.136341,0.966725,2.975356451328991,2.8038388832339685,1.603899850005769,1.8290413330447954,HG003_hiseq4000_agilent_50x.haplotypecaller,HG003,agilent,hiseq4000,50
SNP,PASS,22580,21833,747,26155,756,3566,92,89,0.966918,0.966532,0.136341,0.966725,2.975356451328991,2.8038388832339685,1.603899850005769,1.8290413330447954,HG003_hiseq4000_agilent_50x.haplotypecaller,HG003,agilent,hiseq4000,50
INDEL,ALL,382,330,52,697,75,285,14,10,0.863874,0.817961,0.408895,0.840291,,,1.7028985507246377,2.642105263157895,HG003_hiseq4000_idt_50x.haplotypecaller,HG003,idt,hiseq4000,50
INDEL,PASS,382,330,52,697,75,285,14,10,0.863874,0.817961,0.408895,0.840291,,,1.7028985507246377,2.642105263157895,HG003_hiseq4000_idt_50x.haplotypecaller,HG003,idt,hiseq4000,50
SNP,ALL,20698,19800,898,23365,703,2865,45,94,0.956614,0.965707,0.122619,0.961139,3.0735930735930737,2.9032904626691165,1.6089040232059528,1.8257713248638838,HG003_hiseq4000_idt_50x.haplotypecaller,HG003,idt,hiseq4000,50
SNP,PASS,20698,19800,898,23365,703,2865,45,94,0.956614,0.965707,0.122619,0.961139,3.0735930735930737,2.9032904626691165,1.6089040232059528,1.8257713248638838,HG003_hiseq4000_idt_50x.haplotypecaller,HG003,idt,hiseq4000,50
INDEL,ALL,1843,1486,357,2888,546,832,119,64,0.806294,0.734436,0.288089,0.768689,,,1.5332390381895333,2.5859473023839397,HG003_hiseq4000_truseq_50x.haplotypecaller,HG003,truseq,hiseq4000,50
INDEL,PASS,1843,1486,357,2888,546,832,119,64,0.806294,0.734436,0.288089,0.768689,,,1.5332390381895333,2.5859473023839397,HG003_hiseq4000_truseq_50x.haplotypecaller,HG003,truseq,hiseq4000,50
SNP,ALL,30921,29597,1324,35792,1358,4846,149,138,0.957181,0.956117,0.135393,0.956649,2.774225042714181,2.5902527075812274,1.5834656858647496,1.7984356667970278,HG003_hiseq4000_truseq_50x.haplotypecaller,HG003,truseq,hiseq4000,50
SNP,PASS,30921,29597,1324,35792,1358,4846,149,138,0.957181,0.956117,0.135393,0.956649,2.774225042714181,2.5902527075812274,1.5834656858647496,1.7984356667970278,HG003_hiseq4000_truseq_50x.haplotypecaller,HG003,truseq,hiseq4000,50
INDEL,ALL,570,528,42,1110,137,430,28,19,0.926316,0.798529,0.387387,0.857689,,,1.7738693467336684,3.0,HG003_novaseq_agilent_100x.haplotypecaller,HG003,agilent,novaseq,100
INDEL,PASS,570,528,42,1110,137,430,28,19,0.926316,0.798529,0.387387,0.857689,,,1.7738693467336684,3.0,HG003_novaseq_agilent_100x.haplotypecaller,HG003,agilent,novaseq,100
SNP,ALL,22580,22199,381,27527,883,4450,40,112,0.983127,0.961737,0.161659,0.972314,2.975356451328991,2.7161560264543123,1.603899850005769,1.932225063938619,HG003_novaseq_agilent_100x.haplotypecaller,HG003,agilent,novaseq,100
SNP,PASS,22580,22199,381,27527,883,4450,40,112,0.983127,0.961737,0.161659,0.972314,2.975356451328991,2.7161560264543123,1.603899850005769,1.932225063938619,HG003_novaseq_agilent_100x.haplotypecaller,HG003,agilent,novaseq,100
INDEL,ALL,570,516,54,1083,140,416,30,16,0.905263,0.790105,0.384118,0.843773,,,1.7738693467336684,2.96309963099631,HG003_novaseq_agilent_50x.haplotypecaller,HG003,agilent,novaseq,50
INDEL,PASS,570,516,54,1083,140,416,30,16,0.905263,0.790105,0.384118,0.843773,,,1.7738693467336684,2.96309963099631,HG003_novaseq_agilent_50x.haplotypecaller,HG003,agilent,novaseq,50
SNP,ALL,22580,22128,452,27411,862,4423,56,100,0.979982,0.962502,0.161359,0.971164,2.975356451328991,2.7246298057329166,1.603899850005769,1.9334118402740605,HG003_novaseq_agilent_50x.haplotypecaller,HG003,agilent,novaseq,50
SNP,PASS,22580,22128,452,27411,862,4423,56,100,0.979982,0.962502,0.161359,0.971164,2.975356451328991,2.7246298057329166,1.603899850005769,1.9334118402740605,HG003_novaseq_agilent_50x.haplotypecaller,HG003,agilent,novaseq,50
INDEL,ALL,570,528,42,1103,132,428,25,14,0.926316,0.804444,0.388033,0.861089,,,1.7738693467336684,2.9,HG003_novaseq_agilent_75x.haplotypecaller,HG003,agilent,novaseq,75
INDEL,PASS,570,528,42,1103,132,428,25,14,0.926316,0.804444,0.388033,0.861089,,,1.7738693467336684,2.9,HG003_novaseq_agilent_75x.haplotypecaller,HG003,agilent,novaseq,75
SNP,ALL,22580,22171,409,27463,895,4402,48,109,0.981887,0.96119,0.160288,0.971428,2.975356451328991,2.7234648230988205,1.603899850005769,1.9350010690613642,HG003_novaseq_agilent_75x.haplotypecaller,HG003,agilent,novaseq,75
SNP,PASS,22580,22171,409,27463,895,4402,48,109,0.981887,0.96119,0.160288,0.971428,2.975356451328991,2.7234648230988205,1.603899850005769,1.9350010690613642,HG003_novaseq_agilent_75x.haplotypecaller,HG003,agilent,novaseq,75
INDEL,ALL,382,336,46,733,71,312,11,14,0.879581,0.831354,0.425648,0.854788,,,1.7028985507246377,2.867021276595745,HG003_novaseq_idt_100x.haplotypecaller,HG003,idt,novaseq,100
INDEL,PASS,382,336,46,733,71,312,11,14,0.879581,0.831354,0.425648,0.854788,,,1.7028985507246377,2.867021276595745,HG003_novaseq_idt_100x.haplotypecaller,HG003,idt,novaseq,100
SNP,ALL,20698,19992,706,23886,694,3208,33,105,0.96589,0.966438,0.134305,0.966164,3.0735930735930737,2.873075052682769,1.6089040232059528,1.8593843574080728,HG003_novaseq_idt_100x.haplotypecaller,HG003,idt,novaseq,100
SNP,PASS,20698,19992,706,23886,694,3208,33,105,0.96589,0.966438,0.134305,0.966164,3.0735930735930737,2.873075052682769,1.6089040232059528,1.8593843574080728,HG003_novaseq_idt_100x.haplotypecaller,HG003,idt,novaseq,100
INDEL,ALL,382,330,52,741,84,313,13,15,0.863874,0.803738,0.422402,0.832722,,,1.7028985507246377,2.888888888888889,HG003_novaseq_idt_50x.haplotypecaller,HG003,idt,novaseq,50
INDEL,PASS,382,330,52,741,84,313,13,15,0.863874,0.803738,0.422402,0.832722,,,1.7028985507246377,2.888888888888889,HG003_novaseq_idt_50x.haplotypecaller,HG003,idt,novaseq,50
SNP,ALL,20698,19957,741,23786,689,3148,32,107,0.964199,0.966615,0.132347,0.965406,3.0735930735930737,2.8771386671011894,1.6089040232059528,1.8605462639874866,HG003_novaseq_idt_50x.haplotypecaller,HG003,idt,novaseq,50
SNP,PASS,20698,19957,741,23786,689,3148,32,107,0.964199,0.966615,0.132347,0.965406,3.0735930735930737,2.8771386671011894,1.6089040232059528,1.8605462639874866,HG003_novaseq_idt_50x.haplotypecaller,HG003,idt,novaseq,50
INDEL,ALL,382,333,49,745,86,312,13,12,0.871728,0.801386,0.418792,0.835078,,,1.7028985507246377,2.9731182795698925,HG003_novaseq_idt_75x.haplotypecaller,HG003,idt,novaseq,75
INDEL,PASS,382,333,49,745,86,312,13,12,0.871728,0.801386,0.418792,0.835078,,,1.7028985507246377,2.9731182795698925,HG003_novaseq_idt_75x.haplotypecaller,HG003,idt,novaseq,75
SNP,ALL,20698,19983,715,23888,692,3221,35,101,0.965456,0.966517,0.134838,0.965986,3.0735930735930737,2.866504854368932,1.6089040232059528,1.8650107991360692,HG003_novaseq_idt_75x.haplotypecaller,HG003,idt,novaseq,75
SNP,PASS,20698,19983,715,23888,692,3221,35,101,0.965456,0.966517,0.134838,0.965986,3.0735930735930737,2.866504854368932,1.6089040232059528,1.8650107991360692,HG003_novaseq_idt_75x.haplotypecaller,HG003,idt,novaseq,75
INDEL,ALL,1843,1605,238,3421,617,1165,123,63,0.870863,0.726507,0.340544,0.792162,,,1.5332390381895333,3.18407960199005,HG003_novaseq_truseq_50x.haplotypecaller,HG003,truseq,novaseq,50
INDEL,PASS,1843,1605,238,3421,617,1165,123,63,0.870863,0.726507,0.340544,0.792162,,,1.5332390381895333,3.18407960199005,HG003_novaseq_truseq_50x.haplotypecaller,HG003,truseq,novaseq,50
SNP,ALL,30921,29853,1068,36002,1269,4886,110,115,0.96546,0.959217,0.135715,0.962329,2.774225042714181,2.5818579669783173,1.5834656858647496,1.802149030600327,HG003_novaseq_truseq_50x.haplotypecaller,HG003,truseq,novaseq,50
SNP,PASS,30921,29853,1068,36002,1269,4886,110,115,0.96546,0.959217,0.135715,0.962329,2.774225042714181,2.5818579669783173,1.5834656858647496,1.802149030600327,HG003_novaseq_truseq_50x.haplotypecaller,HG003,truseq,novaseq,50
INDEL,ALL,1843,1606,237,3450,609,1199,127,61,0.871405,0.729454,0.347536,0.794136,,,1.5332390381895333,3.1967821782178216,HG003_novaseq_truseq_75x.haplotypecaller,HG003,truseq,novaseq,75
INDEL,PASS,1843,1606,237,3450,609,1199,127,61,0.871405,0.729454,0.347536,0.794136,,,1.5332390381895333,3.1967821782178216,HG003_novaseq_truseq_75x.haplotypecaller,HG003,truseq,novaseq,75
SNP,ALL,30921,29944,977,36081,1275,4871,100,124,0.968403,0.959148,0.135002,0.963753,2.774225042714181,2.582845229822297,1.5834656858647496,1.8059747938384938,HG003_novaseq_truseq_75x.haplotypecaller,HG003,truseq,novaseq,75
SNP,PASS,30921,29944,977,36081,1275,4871,100,124,0.968403,0.959148,0.135002,0.963753,2.774225042714181,2.582845229822297,1.5834656858647496,1.8059747938384938,HG003_novaseq_truseq_75x.haplotypecaller,HG003,truseq,novaseq,75
INDEL,ALL,528,470,58,848,62,299,9,6,0.890152,0.887067,0.352594,0.888607,,,1.586734693877551,2.326771653543307,HG004_hiseq4000_agilent_50x.haplotypecaller,HG004,agilent,hiseq4000,50
INDEL,PASS,528,470,58,848,62,299,9,6,0.890152,0.887067,0.352594,0.888607,,,1.586734693877551,2.326771653543307,HG004_hiseq4000_agilent_50x.haplotypecaller,HG004,agilent,hiseq4000,50
SNP,ALL,22475,21680,795,26043,684,3688,77,88,0.964627,0.969403,0.141612,0.967009,2.9480245829675154,2.7654285301344124,1.6801097721035676,1.8505092541890265,HG004_hiseq4000_agilent_50x.haplotypecaller,HG004,agilent,hiseq4000,50
SNP,PASS,22475,21680,795,26043,684,3688,77,88,0.964627,0.969403,0.141612,0.967009,2.9480245829675154,2.7654285301344124,1.6801097721035676,1.8505092541890265,HG004_hiseq4000_agilent_50x.haplotypecaller,HG004,agilent,hiseq4000,50
INDEL,ALL,389,350,39,697,69,264,6,6,0.899743,0.840647,0.378766,0.869191,,,1.7777777777777777,2.861111111111111,HG004_hiseq4000_idt_50x.haplotypecaller,HG004,idt,hiseq4000,50
INDEL,PASS,389,350,39,697,69,264,6,6,0.899743,0.840647,0.378766,0.869191,,,1.7777777777777777,2.861111111111111,HG004_hiseq4000_idt_50x.haplotypecaller,HG004,idt,hiseq4000,50
SNP,ALL,20682,19703,979,23339,623,3019,57,80,0.952664,0.969341,0.129354,0.96093,3.037268292682927,2.8670089433587282,1.6766381766381766,1.849480757483201,HG004_hiseq4000_idt_50x.haplotypecaller,HG004,idt,hiseq4000,50
SNP,PASS,20682,19703,979,23339,623,3019,57,80,0.952664,0.969341,0.129354,0.96093,3.037268292682927,2.8670089433587282,1.6766381766381766,1.849480757483201,HG004_hiseq4000_idt_50x.haplotypecaller,HG004,idt,hiseq4000,50
INDEL,ALL,1907,1552,355,2879,470,823,100,61,0.813844,0.771401,0.285863,0.792054,,,1.4675675675675677,2.4002389486260456,HG004_hiseq4000_truseq_50x.haplotypecaller,HG004,truseq,hiseq4000,50
INDEL,PASS,1907,1552,355,2879,470,823,100,61,0.813844,0.771401,0.285863,0.792054,,,1.4675675675675677,2.4002389486260456,HG004_hiseq4000_truseq_50x.haplotypecaller,HG004,truseq,hiseq4000,50
SNP,ALL,30891,29561,1330,35730,1173,5002,142,121,0.956945,0.961826,0.139994,0.95938,2.7400145243282497,2.600685000503677,1.6764323480974257,1.8399872753300461,HG004_hiseq4000_truseq_50x.haplotypecaller,HG004,truseq,hiseq4000,50
SNP,PASS,30891,29561,1330,35730,1173,5002,142,121,0.956945,0.961826,0.139994,0.95938,2.7400145243282497,2.600685000503677,1.6764323480974257,1.8399872753300461,HG004_hiseq4000_truseq_50x.haplotypecaller,HG004,truseq,hiseq4000,50
INDEL,ALL,528,493,35,1116,144,459,21,25,0.933712,0.780822,0.41129,0.85045,,,1.586734693877551,3.3190661478599224,HG004_novaseq_agilent_100x.haplotypecaller,HG004,agilent,novaseq,100
INDEL,PASS,528,493,35,1116,144,459,21,25,0.933712,0.780822,0.41129,0.85045,,,1.586734693877551,3.3190661478599224,HG004_novaseq_agilent_100x.haplotypecaller,HG004,agilent,novaseq,100
SNP,ALL,22475,22048,427,27657,861,4754,53,116,0.981001,0.962407,0.171891,0.971615,2.9480245829675154,2.6722856384390763,1.6801097721035676,1.981020166073547,HG004_novaseq_agilent_100x.haplotypecaller,HG004,agilent,novaseq,100
SNP,PASS,22475,22048,427,27657,861,4754,53,116,0.981001,0.962407,0.171891,0.971615,2.9480245829675154,2.6722856384390763,1.6801097721035676,1.981020166073547,HG004_novaseq_agilent_100x.haplotypecaller,HG004,agilent,novaseq,100
INDEL,ALL,528,489,39,1085,151,423,18,21,0.926136,0.771903,0.389862,0.842015,,,1.586734693877551,3.2857142857142856,HG004_novaseq_agilent_50x.haplotypecaller,HG004,agilent,novaseq,50
INDEL,PASS,528,489,39,1085,151,423,18,21,0.926136,0.771903,0.389862,0.842015,,,1.586734693877551,3.2857142857142856,HG004_novaseq_agilent_50x.haplotypecaller,HG004,agilent,novaseq,50
SNP,ALL,22475,21992,483,27570,876,4711,65,99,0.978509,0.961678,0.170874,0.970021,2.9480245829675154,2.6674644329211543,1.6801097721035676,1.9853721963376314,HG004_novaseq_agilent_50x.haplotypecaller,HG004,agilent,novaseq,50
SNP,PASS,22475,21992,483,27570,876,4711,65,99,0.978509,0.961678,0.170874,0.970021,2.9480245829675154,2.6674644329211543,1.6801097721035676,1.9853721963376314,HG004_novaseq_agilent_50x.haplotypecaller,HG004,agilent,novaseq,50
INDEL,ALL,528,491,37,1100,134,453,18,21,0.929924,0.79289,0.411818,0.855957,,,1.586734693877551,3.27734375,HG004_novaseq_agilent_75x.haplotypecaller,HG004,agilent,novaseq,75
INDEL,PASS,528,491,37,1100,134,453,18,21,0.929924,0.79289,0.411818,0.855957,,,1.586734693877551,3.27734375,HG004_novaseq_agilent_75x.haplotypecaller,HG004,agilent,novaseq,75
SNP,ALL,22475,22030,445,27587,881,4685,59,104,0.9802,0.961532,0.169826,0.970776,2.9480245829675154,2.670567894666844,1.6801097721035676,1.9882939518751355,HG004_novaseq_agilent_75x.haplotypecaller,HG004,agilent,novaseq,75
SNP,PASS,22475,22030,445,27587,881,4685,59,104,0.9802,0.961532,0.169826,0.970776,2.9480245829675154,2.670567894666844,1.6801097721035676,1.9882939518751355,HG004_novaseq_agilent_75x.haplotypecaller,HG004,agilent,novaseq,75
INDEL,ALL,389,352,37,780,79,332,7,14,0.904884,0.823661,0.425641,0.862364,,,1.7777777777777777,2.9441624365482233,HG004_novaseq_idt_100x.haplotypecaller,HG004,idt,novaseq,100
INDEL,PASS,389,352,37,780,79,332,7,14,0.904884,0.823661,0.425641,0.862364,,,1.7777777777777777,2.9441624365482233,HG004_novaseq_idt_100x.haplotypecaller,HG004,idt,novaseq,100
SNP,ALL,20682,19927,755,24060,648,3494,39,101,0.963495,0.968492,0.14522,0.965987,3.037268292682927,2.826287349014622,1.6766381766381766,1.9008084952334983,HG004_novaseq_idt_100x.haplotypecaller,HG004,idt,novaseq,100
SNP,PASS,20682,19927,755,24060,648,3494,39,101,0.963495,0.968492,0.14522,0.965987,3.037268292682927,2.826287349014622,1.6766381766381766,1.9008084952334983,HG004_novaseq_idt_100x.haplotypecaller,HG004,idt,novaseq,100
INDEL,ALL,389,347,42,782,90,328,8,14,0.892031,0.801762,0.419437,0.844491,,,1.7777777777777777,3.015463917525773,HG004_novaseq_idt_50x.haplotypecaller,HG004,idt,novaseq,50
INDEL,PASS,389,347,42,782,90,328,8,14,0.892031,0.801762,0.419437,0.844491,,,1.7777777777777777,3.015463917525773,HG004_novaseq_idt_50x.haplotypecaller,HG004,idt,novaseq,50
SNP,ALL,20682,19842,840,23866,642,3391,51,93,0.959385,0.968645,0.142085,0.963993,3.037268292682927,2.8347518869439536,1.6766381766381766,1.879724670933462,HG004_novaseq_idt_50x.haplotypecaller,HG004,idt,novaseq,50
SNP,PASS,20682,19842,840,23866,642,3391,51,93,0.959385,0.968645,0.142085,0.963993,3.037268292682927,2.8347518869439536,1.6766381766381766,1.879724670933462,HG004_novaseq_idt_50x.haplotypecaller,HG004,idt,novaseq,50
INDEL,ALL,389,352,37,791,82,340,6,13,0.904884,0.818182,0.429836,0.859352,,,1.7777777777777777,3.020408163265306,HG004_novaseq_idt_75x.haplotypecaller,HG004,idt,novaseq,75
INDEL,PASS,389,352,37,791,82,340,6,13,0.904884,0.818182,0.429836,0.859352,,,1.7777777777777777,3.020408163265306,HG004_novaseq_idt_75x.haplotypecaller,HG004,idt,novaseq,75
SNP,ALL,20682,19893,789,24022,653,3485,36,103,0.961851,0.968204,0.145075,0.965017,3.037268292682927,2.8302788844621514,1.6766381766381766,1.8996134331964243,HG004_novaseq_idt_75x.haplotypecaller,HG004,idt,novaseq,75
SNP,PASS,20682,19893,789,24022,653,3485,36,103,0.961851,0.968204,0.145075,0.965017,3.037268292682927,2.8302788844621514,1.6766381766381766,1.8996134331964243,HG004_novaseq_idt_75x.haplotypecaller,HG004,idt,novaseq,75
INDEL,ALL,1907,1637,270,3431,649,1102,136,79,0.858416,0.72134,0.321189,0.783931,,,1.4675675675675677,2.9858156028368796,HG004_novaseq_truseq_50x.haplotypecaller,HG004,truseq,novaseq,50
INDEL,PASS,1907,1637,270,3431,649,1102,136,79,0.858416,0.72134,0.321189,0.783931,,,1.4675675675675677,2.9858156028368796,HG004_novaseq_truseq_50x.haplotypecaller,HG004,truseq,novaseq,50
SNP,ALL,30891,29685,1206,35926,1145,5100,139,125,0.96096,0.962856,0.141958,0.961907,2.7400145243282497,2.5828930316020338,1.6764323480974257,1.8369943109987357,HG004_novaseq_truseq_50x.haplotypecaller,HG004,truseq,novaseq,50
SNP,PASS,30891,29685,1206,35926,1145,5100,139,125,0.96096,0.962856,0.141958,0.961907,2.7400145243282497,2.5828930316020338,1.6764323480974257,1.8369943109987357,HG004_novaseq_truseq_50x.haplotypecaller,HG004,truseq,novaseq,50
INDEL,ALL,1907,1666,241,3505,642,1153,126,74,0.873623,0.727041,0.328959,0.79362,,,1.4675675675675677,3.038732394366197,HG004_novaseq_truseq_75x.haplotypecaller,HG004,truseq,novaseq,75
INDEL,PASS,1907,1666,241,3505,642,1153,126,74,0.873623,0.727041,0.328959,0.79362,,,1.4675675675675677,3.038732394366197,HG004_novaseq_truseq_75x.haplotypecaller,HG004,truseq,novaseq,75
SNP,ALL,30891,29832,1059,36087,1135,5123,127,126,0.965718,0.963345,0.141962,0.96453,2.7400145243282497,2.5755744849445326,1.6764323480974257,1.8540908371577782,HG004_novaseq_truseq_75x.haplotypecaller,HG004,truseq,novaseq,75
SNP,PASS,30891,29832,1059,36087,1135,5123,127,126,0.965718,0.963345,0.141962,0.96453,2.7400145243282497,2.5755744849445326,1.6764323480974257,1.8540908371577782,HG004_novaseq_truseq_75x.haplotypecaller,HG004,truseq,novaseq,75
INDEL,ALL,508,456,52,839,53,319,10,6,0.897638,0.898077,0.380215,0.897857,,,1.5670103092783505,1.9609929078014185,HG005_hiseq4000_agilent_50x.haplotypecaller,HG005,agilent,hiseq4000,50
INDEL,PASS,508,456,52,839,53,319,10,6,0.897638,0.898077,0.380215,0.897857,,,1.5670103092783505,1.9609929078014185,HG005_hiseq4000_agilent_50x.haplotypecaller,HG005,agilent,hiseq4000,50
SNP,ALL,22507,21707,800,26000,624,3677,77,60,0.964456,0.972047,0.141423,0.968236,2.966519823788546,2.818382029070621,1.3966766084363016,1.58612797293263,HG005_hiseq4000_agilent_50x.haplotypecaller,HG005,agilent,hiseq4000,50
SNP,PASS,22507,21707,800,26000,624,3677,77,60,0.964456,0.972047,0.141423,0.968236,2.966519823788546,2.818382029070621,1.3966766084363016,1.58612797293263,HG005_hiseq4000_agilent_50x.haplotypecaller,HG005,agilent,hiseq4000,50
INDEL,ALL,366,317,49,653,72,249,12,7,0.86612,0.821782,0.381317,0.843369,,,1.4551724137931035,2.295918367346939,HG005_hiseq4000_idt_50x.haplotypecaller,HG005,idt,hiseq4000,50
INDEL,PASS,366,317,49,653,72,249,12,7,0.86612,0.821782,0.381317,0.843369,,,1.4551724137931035,2.295918367346939,HG005_hiseq4000_idt_50x.haplotypecaller,HG005,idt,hiseq4000,50
SNP,ALL,20661,19639,1022,23134,630,2879,74,67,0.950535,0.968897,0.124449,0.959628,3.043044414009,2.925869380831213,1.4033046311380033,1.585840510010066,HG005_hiseq4000_idt_50x.haplotypecaller,HG005,idt,hiseq4000,50
SNP,PASS,20661,19639,1022,23134,630,2879,74,67,0.950535,0.968897,0.124449,0.959628,3.043044414009,2.925869380831213,1.4033046311380033,1.585840510010066,HG005_hiseq4000_idt_50x.haplotypecaller,HG005,idt,hiseq4000,50
INDEL,ALL,1636,1398,238,2880,413,1046,68,49,0.854523,0.774809,0.363194,0.812716,,,1.3372262773722627,2.308139534883721,HG005_hiseq4000_truseq_50x.haplotypecaller,HG005,truseq,hiseq4000,50
INDEL,PASS,1636,1398,238,2880,413,1046,68,49,0.854523,0.774809,0.363194,0.812716,,,1.3372262773722627,2.308139534883721,HG005_hiseq4000_truseq_50x.haplotypecaller,HG005,truseq,hiseq4000,50
SNP,ALL,30715,29307,1408,35420,1167,4954,158,96,0.954159,0.961695,0.139864,0.957912,2.7625229638701776,2.624220108417715,1.3685875183213763,1.5615774240231548,HG005_hiseq4000_truseq_50x.haplotypecaller,HG005,truseq,hiseq4000,50
SNP,PASS,30715,29307,1408,35420,1167,4954,158,96,0.954159,0.961695,0.139864,0.957912,2.7625229638701776,2.624220108417715,1.3685875183213763,1.5615774240231548,HG005_hiseq4000_truseq_50x.haplotypecaller,HG005,truseq,hiseq4000,50
INDEL,ALL,508,474,34,1090,113,489,15,14,0.933071,0.81198,0.448624,0.868324,,,1.5670103092783505,2.765734265734266,HG005_novaseq_agilent_100x.haplotypecaller,HG005,agilent,novaseq,100
INDEL,PASS,508,474,34,1090,113,489,15,14,0.933071,0.81198,0.448624,0.868324,,,1.5670103092783505,2.765734265734266,HG005_novaseq_agilent_100x.haplotypecaller,HG005,agilent,novaseq,100
SNP,ALL,22507,22045,462,27443,797,4612,86,72,0.979473,0.965091,0.168057,0.972229,2.966519823788546,2.742093784078517,1.3966766084363016,1.6883269626580417,HG005_novaseq_agilent_100x.haplotypecaller,HG005,agilent,novaseq,100
SNP,PASS,22507,22045,462,27443,797,4612,86,72,0.979473,0.965091,0.168057,0.972229,2.966519823788546,2.742093784078517,1.3966766084363016,1.6883269626580417,HG005_novaseq_agilent_100x.haplotypecaller,HG005,agilent,novaseq,100
INDEL,ALL,508,467,41,1064,127,459,19,8,0.919291,0.790083,0.431391,0.849804,,,1.5670103092783505,2.640138408304498,HG005_novaseq_agilent_50x.haplotypecaller,HG005,agilent,novaseq,50
INDEL,PASS,508,467,41,1064,127,459,19,8,0.919291,0.790083,0.431391,0.849804,,,1.5670103092783505,2.640138408304498,HG005_novaseq_agilent_50x.haplotypecaller,HG005,agilent,novaseq,50
SNP,ALL,22507,22000,507,27309,776,4541,74,61,0.977474,0.965917,0.166282,0.971661,2.966519823788546,2.73860681538251,1.3966766084363016,1.6749313994511956,HG005_novaseq_agilent_50x.haplotypecaller,HG005,agilent,novaseq,50
SNP,PASS,22507,22000,507,27309,776,4541,74,61,0.977474,0.965917,0.166282,0.971661,2.966519823788546,2.73860681538251,1.3966766084363016,1.6749313994511956,HG005_novaseq_agilent_50x.haplotypecaller,HG005,agilent,novaseq,50
INDEL,ALL,508,470,38,1088,128,476,18,11,0.925197,0.79085,0.4375,0.852764,,,1.5670103092783505,2.802120141342756,HG005_novaseq_agilent_75x.haplotypecaller,HG005,agilent,novaseq,75
INDEL,PASS,508,470,38,1088,128,476,18,11,0.925197,0.79085,0.4375,0.852764,,,1.5670103092783505,2.802120141342756,HG005_novaseq_agilent_75x.haplotypecaller,HG005,agilent,novaseq,75
SNP,ALL,22507,22035,472,27474,805,4645,76,71,0.979029,0.964738,0.169069,0.971831,2.966519823788546,2.73701387000272,1.3966766084363016,1.68751223331376,HG005_novaseq_agilent_75x.haplotypecaller,HG005,agilent,novaseq,75
SNP,PASS,22507,22035,472,27474,805,4645,76,71,0.979029,0.964738,0.169069,0.971831,2.966519823788546,2.73701387000272,1.3966766084363016,1.68751223331376,HG005_novaseq_agilent_75x.haplotypecaller,HG005,agilent,novaseq,75
INDEL,ALL,366,321,45,711,74,300,12,9,0.877049,0.819951,0.421941,0.84754,,,1.4551724137931035,2.515,HG005_novaseq_idt_100x.haplotypecaller,HG005,idt,novaseq,100
INDEL,PASS,366,321,45,711,74,300,12,9,0.877049,0.819951,0.421941,0.84754,,,1.4551724137931035,2.515,HG005_novaseq_idt_100x.haplotypecaller,HG005,idt,novaseq,100
SNP,ALL,20661,19837,824,23758,692,3243,75,62,0.960118,0.966269,0.136501,0.963184,3.043044414009,2.87857026277134,1.4033046311380033,1.6312465373961218,HG005_novaseq_idt_100x.haplotypecaller,HG005,idt,novaseq,100
SNP,PASS,20661,19837,824,23758,692,3243,75,62,0.960118,0.966269,0.136501,0.963184,3.043044414009,2.87857026277134,1.4033046311380033,1.6312465373961218,HG005_novaseq_idt_100x.haplotypecaller,HG005,idt,novaseq,100
INDEL,ALL,366,310,56,709,92,292,18,13,0.846995,0.779376,0.411848,0.81178,,,1.4551724137931035,2.670157068062827,HG005_novaseq_idt_50x.haplotypecaller,HG005,idt,novaseq,50
INDEL,PASS,366,310,56,709,92,292,18,13,0.846995,0.779376,0.411848,0.81178,,,1.4551724137931035,2.670157068062827,HG005_novaseq_idt_50x.haplotypecaller,HG005,idt,novaseq,50
SNP,ALL,20661,19771,890,23574,631,3186,77,63,0.956924,0.96905,0.135149,0.962949,3.043044414009,2.8899703068294293,1.4033046311380033,1.6247075860532472,HG005_novaseq_idt_50x.haplotypecaller,HG005,idt,novaseq,50
SNP,PASS,20661,19771,890,23574,631,3186,77,63,0.956924,0.96905,0.135149,0.962949,3.043044414009,2.8899703068294293,1.4033046311380033,1.6247075860532472,HG005_novaseq_idt_50x.haplotypecaller,HG005,idt,novaseq,50
INDEL,ALL,366,317,49,712,84,296,14,11,0.86612,0.798077,0.41573,0.830708,,,1.4551724137931035,2.5918367346938775,HG005_novaseq_idt_75x.haplotypecaller,HG005,idt,novaseq,75
INDEL,PASS,366,317,49,712,84,296,14,11,0.86612,0.798077,0.41573,0.830708,,,1.4551724137931035,2.5918367346938775,HG005_novaseq_idt_75x.haplotypecaller,HG005,idt,novaseq,75
SNP,ALL,20661,19814,847,23676,688,3188,84,62,0.959005,0.966419,0.134651,0.962698,3.043044414009,2.8843693619813022,1.4033046311380033,1.6337228714524208,HG005_novaseq_idt_75x.haplotypecaller,HG005,idt,novaseq,75
SNP,PASS,20661,19814,847,23676,688,3188,84,62,0.959005,0.966419,0.134651,0.962698,3.043044414009,2.8843693619813022,1.4033046311380033,1.6337228714524208,HG005_novaseq_idt_75x.haplotypecaller,HG005,idt,novaseq,75
INDEL,ALL,1636,1445,191,3394,343,1581,69,39,0.883252,0.810811,0.465822,0.845482,,,1.3372262773722627,2.885780885780886,HG005_novaseq_truseq_50x.haplotypecaller,HG005,truseq,novaseq,50
INDEL,PASS,1636,1445,191,3394,343,1581,69,39,0.883252,0.810811,0.465822,0.845482,,,1.3372262773722627,2.885780885780886,HG005_novaseq_truseq_50x.haplotypecaller,HG005,truseq,novaseq,50
SNP,ALL,30715,29528,1187,35458,1089,4852,149,106,0.961354,0.964419,0.136838,0.962884,2.7625229638701776,2.634966181594589,1.3685875183213763,1.5478073328540618,HG005_novaseq_truseq_50x.haplotypecaller,HG005,truseq,novaseq,50
SNP,PASS,30715,29528,1187,35458,1089,4852,149,106,0.961354,0.964419,0.136838,0.962884,2.7625229638701776,2.634966181594589,1.3685875183213763,1.5478073328540618,HG005_novaseq_truseq_50x.haplotypecaller,HG005,truseq,novaseq,50
INDEL,ALL,1636,1456,180,3446,331,1633,66,45,0.889976,0.81743,0.473883,0.852161,,,1.3372262773722627,2.947429906542056,HG005_novaseq_truseq_75x.haplotypecaller,HG005,truseq,novaseq,75
INDEL,PASS,1636,1456,180,3446,331,1633,66,45,0.889976,0.81743,0.473883,0.852161,,,1.3372262773722627,2.947429906542056,HG005_novaseq_truseq_75x.haplotypecaller,HG005,truseq,novaseq,75
SNP,ALL,30715,29658,1057,35745,1122,4973,145,107,0.965587,0.963538,0.139124,0.964561,2.7625229638701776,2.617400101163379,1.3685875183213763,1.5592807507701125,HG005_novaseq_truseq_75x.haplotypecaller,HG005,truseq,novaseq,75
SNP,PASS,30715,29658,1057,35745,1122,4973,145,107,0.965587,0.963538,0.139124,0.964561,2.7625229638701776,2.617400101163379,1.3685875183213763,1.5592807507701125,HG005_novaseq_truseq_75x.haplotypecaller,HG005,truseq,novaseq,75
INDEL,ALL,493,439,54,919,76,394,10,5,0.890467,0.855238,0.428727,0.872497,,,1.553763440860215,2.0165016501650164,HG006_hiseq4000_agilent_50x.haplotypecaller,HG006,agilent,hiseq4000,50
INDEL,PASS,493,439,54,919,76,394,10,5,0.890467,0.855238,0.428727,0.872497,,,1.553763440860215,2.0165016501650164,HG006_hiseq4000_agilent_50x.haplotypecaller,HG006,agilent,hiseq4000,50
SNP,ALL,22268,21480,788,25734,700,3556,88,90,0.964613,0.968437,0.138183,0.966521,2.971820938113073,2.808967150044392,1.2767720159558147,1.4481774055391643,HG006_hiseq4000_agilent_50x.haplotypecaller,HG006,agilent,hiseq4000,50
SNP,PASS,22268,21480,788,25734,700,3556,88,90,0.964613,0.968437,0.138183,0.966521,2.971820938113073,2.808967150044392,1.2767720159558147,1.4481774055391643,HG006_hiseq4000_agilent_50x.haplotypecaller,HG006,agilent,hiseq4000,50
INDEL,ALL,357,315,42,715,85,296,5,7,0.882353,0.797136,0.413986,0.837583,,,1.646153846153846,2.49009900990099,HG006_hiseq4000_idt_50x.haplotypecaller,HG006,idt,hiseq4000,50
INDEL,PASS,357,315,42,715,85,296,5,7,0.882353,0.797136,0.413986,0.837583,,,1.646153846153846,2.49009900990099,HG006_hiseq4000_idt_50x.haplotypecaller,HG006,idt,hiseq4000,50
SNP,ALL,20422,19424,998,22904,622,2876,76,96,0.951131,0.968943,0.125568,0.959955,3.05559968228753,2.9232876712328766,1.2783482142857143,1.448807103883599,HG006_hiseq4000_idt_50x.haplotypecaller,HG006,idt,hiseq4000,50
SNP,PASS,20422,19424,998,22904,622,2876,76,96,0.951131,0.968943,0.125568,0.959955,3.05559968228753,2.9232876712328766,1.2783482142857143,1.448807103883599,HG006_hiseq4000_idt_50x.haplotypecaller,HG006,idt,hiseq4000,50
INDEL,ALL,1642,1356,286,2824,432,1015,74,37,0.825822,0.761194,0.359419,0.792192,,,1.4009009009009008,2.0735455543358947,HG006_hiseq4000_truseq_50x.haplotypecaller,HG006,truseq,hiseq4000,50
INDEL,PASS,1642,1356,286,2824,432,1015,74,37,0.825822,0.761194,0.359419,0.792192,,,1.4009009009009008,2.0735455543358947,HG006_hiseq4000_truseq_50x.haplotypecaller,HG006,truseq,hiseq4000,50
SNP,ALL,30194,28803,1391,34991,1295,4897,205,114,0.953931,0.956968,0.13995,0.955447,2.8006293266205162,2.634136212624585,1.2762235125556143,1.4454545454545455,HG006_hiseq4000_truseq_50x.haplotypecaller,HG006,truseq,hiseq4000,50
SNP,PASS,30194,28803,1391,34991,1295,4897,205,114,0.953931,0.956968,0.13995,0.955447,2.8006293266205162,2.634136212624585,1.2762235125556143,1.4454545454545455,HG006_hiseq4000_truseq_50x.haplotypecaller,HG006,truseq,hiseq4000,50
INDEL,ALL,493,449,44,997,59,478,10,5,0.910751,0.88632,0.479438,0.898369,,,1.553763440860215,2.1167192429022084,HG006_novaseq_agilent_100x.haplotypecaller,HG006,agilent,novaseq,100
INDEL,PASS,493,449,44,997,59,478,10,5,0.910751,0.88632,0.479438,0.898369,,,1.553763440860215,2.1167192429022084,HG006_novaseq_agilent_100x.haplotypecaller,HG006,agilent,novaseq,100
SNP,ALL,22268,21621,647,26527,758,4150,76,85,0.970945,0.966126,0.156444,0.968529,2.971820938113073,2.774679943100996,1.2767720159558147,1.5053865053865054,HG006_novaseq_agilent_100x.haplotypecaller,HG006,agilent,novaseq,100
SNP,PASS,22268,21621,647,26527,758,4150,76,85,0.970945,0.966126,0.156444,0.968529,2.971820938113073,2.774679943100996,1.2767720159558147,1.5053865053865054,HG006_novaseq_agilent_100x.haplotypecaller,HG006,agilent,novaseq,100
INDEL,ALL,493,428,65,954,71,445,16,7,0.868154,0.860511,0.466457,0.864316,,,1.553763440860215,2.058252427184466,HG006_novaseq_agilent_50x.haplotypecaller,HG006,agilent,novaseq,50
INDEL,PASS,493,428,65,954,71,445,16,7,0.868154,0.860511,0.466457,0.864316,,,1.553763440860215,2.058252427184466,HG006_novaseq_agilent_50x.haplotypecaller,HG006,agilent,novaseq,50
SNP,ALL,22268,21441,827,26256,762,4056,88,85,0.962862,0.965676,0.154479,0.964267,2.971820938113073,2.792087785157378,1.2767720159558147,1.4979059584999048,HG006_novaseq_agilent_50x.haplotypecaller,HG006,agilent,novaseq,50
SNP,PASS,22268,21441,827,26256,762,4056,88,85,0.962862,0.965676,0.154479,0.964267,2.971820938113073,2.792087785157378,1.2767720159558147,1.4979059584999048,HG006_novaseq_agilent_50x.haplotypecaller,HG006,agilent,novaseq,50
INDEL,ALL,493,443,50,985,68,464,13,8,0.89858,0.869482,0.471066,0.883791,,,1.553763440860215,2.031055900621118,HG006_novaseq_agilent_75x.haplotypecaller,HG006,agilent,novaseq,75
INDEL,PASS,493,443,50,985,68,464,13,8,0.89858,0.869482,0.471066,0.883791,,,1.553763440860215,2.031055900621118,HG006_novaseq_agilent_75x.haplotypecaller,HG006,agilent,novaseq,75
SNP,ALL,22268,21543,725,26415,768,4106,83,88,0.967442,0.965574,0.155442,0.966507,2.971820938113073,2.785386819484241,1.2767720159558147,1.509313818665653,HG006_novaseq_agilent_75x.haplotypecaller,HG006,agilent,novaseq,75
SNP,PASS,22268,21543,725,26415,768,4106,83,88,0.967442,0.965574,0.155442,0.966507,2.971820938113073,2.785386819484241,1.2767720159558147,1.509313818665653,HG006_novaseq_agilent_75x.haplotypecaller,HG006,agilent,novaseq,75
INDEL,ALL,357,320,37,740,73,335,13,5,0.896359,0.819753,0.452703,0.856346,,,1.646153846153846,2.443396226415094,HG006_novaseq_idt_100x.haplotypecaller,HG006,idt,novaseq,100
INDEL,PASS,357,320,37,740,73,335,13,5,0.896359,0.819753,0.452703,0.856346,,,1.646153846153846,2.443396226415094,HG006_novaseq_idt_100x.haplotypecaller,HG006,idt,novaseq,100
SNP,ALL,20422,19672,750,23690,691,3334,79,76,0.963275,0.966054,0.140734,0.964663,3.05559968228753,2.856166612430849,1.2783482142857143,1.4896413923651277,HG006_novaseq_idt_100x.haplotypecaller,HG006,idt,novaseq,100
SNP,PASS,20422,19672,750,23690,691,3334,79,76,0.963275,0.966054,0.140734,0.964663,3.05559968228753,2.856166612430849,1.2783482142857143,1.4896413923651277,HG006_novaseq_idt_100x.haplotypecaller,HG006,idt,novaseq,100
INDEL,ALL,357,318,39,745,75,338,11,7,0.890756,0.815725,0.453691,0.851591,,,1.646153846153846,2.5728155339805827,HG006_novaseq_idt_50x.haplotypecaller,HG006,idt,novaseq,50
INDEL,PASS,357,318,39,745,75,338,11,7,0.890756,0.815725,0.453691,0.851591,,,1.646153846153846,2.5728155339805827,HG006_novaseq_idt_50x.haplotypecaller,HG006,idt,novaseq,50
SNP,ALL,20422,19626,796,23524,666,3242,70,78,0.961022,0.967163,0.137817,0.964083,3.05559968228753,2.8774097874443894,1.2783482142857143,1.4831009716941277,HG006_novaseq_idt_50x.haplotypecaller,HG006,idt,novaseq,50
SNP,PASS,20422,19626,796,23524,666,3242,70,78,0.961022,0.967163,0.137817,0.964083,3.05559968228753,2.8774097874443894,1.2783482142857143,1.4831009716941277,HG006_novaseq_idt_50x.haplotypecaller,HG006,idt,novaseq,50
INDEL,ALL,357,320,37,744,76,336,14,4,0.896359,0.813725,0.451613,0.853046,,,1.646153846153846,2.558252427184466,HG006_novaseq_idt_75x.haplotypecaller,HG006,idt,novaseq,75
INDEL,PASS,357,320,37,744,76,336,14,4,0.896359,0.813725,0.451613,0.853046,,,1.646153846153846,2.558252427184466,HG006_novaseq_idt_75x.haplotypecaller,HG006,idt,novaseq,75
SNP,ALL,20422,19652,770,23601,671,3285,73,75,0.962296,0.966972,0.139189,0.964628,3.05559968228753,2.8720892095769104,1.2783482142857143,1.489339244247414,HG006_novaseq_idt_75x.haplotypecaller,HG006,idt,novaseq,75
SNP,PASS,20422,19652,770,23601,671,3285,73,75,0.962296,0.966972,0.139189,0.964628,3.05559968228753,2.8720892095769104,1.2783482142857143,1.489339244247414,HG006_novaseq_idt_75x.haplotypecaller,HG006,idt,novaseq,75
INDEL,ALL,1642,1417,225,3577,636,1496,106,58,0.862972,0.694378,0.418228,0.769549,,,1.4009009009009008,3.0706836616454227,HG006_novaseq_truseq_50x.haplotypecaller,HG006,truseq,novaseq,50
INDEL,PASS,1642,1417,225,3577,636,1496,106,58,0.862972,0.694378,0.418228,0.769549,,,1.4009009009009008,3.0706836616454227,HG006_novaseq_truseq_50x.haplotypecaller,HG006,truseq,novaseq,50
SNP,ALL,30194,28879,1315,35130,1140,5118,138,106,0.956448,0.962015,0.145687,0.959224,2.8006293266205162,2.6140080222153657,1.2762235125556143,1.450383810188416,HG006_novaseq_truseq_50x.haplotypecaller,HG006,truseq,novaseq,50
SNP,PASS,30194,28879,1315,35130,1140,5118,138,106,0.956448,0.962015,0.145687,0.959224,2.8006293266205162,2.6140080222153657,1.2762235125556143,1.450383810188416,HG006_novaseq_truseq_50x.haplotypecaller,HG006,truseq,novaseq,50
INDEL,ALL,1642,1428,214,3711,688,1565,111,61,0.869671,0.679404,0.421719,0.762852,,,1.4009009009009008,3.257042253521127,HG006_novaseq_truseq_75x.haplotypecaller,HG006,truseq,novaseq,75
INDEL,PASS,1642,1428,214,3711,688,1565,111,61,0.869671,0.679404,0.421719,0.762852,,,1.4009009009009008,3.257042253521127,HG006_novaseq_truseq_75x.haplotypecaller,HG006,truseq,novaseq,75
SNP,ALL,30194,29048,1146,35462,1178,5241,130,116,0.962045,0.96102,0.147792,0.961533,2.8006293266205162,2.611156351791531,1.2762235125556143,1.4603582338239378,HG006_novaseq_truseq_75x.haplotypecaller,HG006,truseq,novaseq,75
SNP,PASS,30194,29048,1146,35462,1178,5241,130,116,0.962045,0.96102,0.147792,0.961533,2.8006293266205162,2.611156351791531,1.2762235125556143,1.4603582338239378,HG006_novaseq_truseq_75x.haplotypecaller,HG006,truseq,novaseq,75
INDEL,ALL,478,427,51,823,55,334,10,7,0.893305,0.887526,0.405832,0.890406,,,1.7470588235294118,1.9566787003610109,HG007_hiseq4000_agilent_50x.haplotypecaller,HG007,agilent,hiseq4000,50
INDEL,PASS,478,427,51,823,55,334,10,7,0.893305,0.887526,0.405832,0.890406,,,1.7470588235294118,1.9566787003610109,HG007_hiseq4000_agilent_50x.haplotypecaller,HG007,agilent,hiseq4000,50
SNP,ALL,22416,21567,849,25866,634,3667,87,69,0.962125,0.97144,0.141769,0.96676,2.9548500881834214,2.8096289752650176,1.3930364199508705,1.5562036579337617,HG007_hiseq4000_agilent_50x.haplotypecaller,HG007,agilent,hiseq4000,50
SNP,PASS,22416,21567,849,25866,634,3667,87,69,0.962125,0.97144,0.141769,0.96676,2.9548500881834214,2.8096289752650176,1.3930364199508705,1.5562036579337617,HG007_hiseq4000_agilent_50x.haplotypecaller,HG007,agilent,hiseq4000,50
INDEL,ALL,338,294,44,651,78,270,10,6,0.869822,0.795276,0.414747,0.83088,,,1.6774193548387097,2.505434782608696,HG007_hiseq4000_idt_50x.haplotypecaller,HG007,idt,hiseq4000,50
INDEL,PASS,338,294,44,651,78,270,10,6,0.869822,0.795276,0.414747,0.83088,,,1.6774193548387097,2.505434782608696,HG007_hiseq4000_idt_50x.haplotypecaller,HG007,idt,hiseq4000,50
SNP,ALL,20625,19554,1071,23078,644,2886,96,73,0.948073,0.968106,0.125054,0.957985,3.029095879710994,2.9223581379544683,1.4004424778761062,1.5596981802041723,HG007_hiseq4000_idt_50x.haplotypecaller,HG007,idt,hiseq4000,50
SNP,PASS,20625,19554,1071,23078,644,2886,96,73,0.948073,0.968106,0.125054,0.957985,3.029095879710994,2.9223581379544683,1.4004424778761062,1.5596981802041723,HG007_hiseq4000_idt_50x.haplotypecaller,HG007,idt,hiseq4000,50
INDEL,ALL,1626,1317,309,2731,417,974,74,52,0.809963,0.762664,0.356646,0.785602,,,1.4422187981510015,2.061433447098976,HG007_hiseq4000_truseq_50x.haplotypecaller,HG007,truseq,hiseq4000,50
INDEL,PASS,1626,1317,309,2731,417,974,74,52,0.809963,0.762664,0.356646,0.785602,,,1.4422187981510015,2.061433447098976,HG007_hiseq4000_truseq_50x.haplotypecaller,HG007,truseq,hiseq4000,50
SNP,ALL,30492,29137,1355,35162,1077,4953,174,92,0.955562,0.964348,0.140862,0.959935,2.770676226974904,2.648102053515868,1.3774570982839314,1.5189564968107216,HG007_hiseq4000_truseq_50x.haplotypecaller,HG007,truseq,hiseq4000,50
SNP,PASS,30492,29137,1355,35162,1077,4953,174,92,0.955562,0.964348,0.140862,0.959935,2.770676226974904,2.648102053515868,1.3774570982839314,1.5189564968107216,HG007_hiseq4000_truseq_50x.haplotypecaller,HG007,truseq,hiseq4000,50
INDEL,ALL,478,433,45,921,54,426,11,7,0.905858,0.890909,0.462541,0.898321,,,1.7470588235294118,2.288808664259928,HG007_novaseq_agilent_100x.haplotypecaller,HG007,agilent,novaseq,100
INDEL,PASS,478,433,45,921,54,426,11,7,0.905858,0.890909,0.462541,0.898321,,,1.7470588235294118,2.288808664259928,HG007_novaseq_agilent_100x.haplotypecaller,HG007,agilent,novaseq,100
SNP,ALL,22416,21692,724,26676,702,4284,73,75,0.967702,0.96865,0.160594,0.968175,2.9548500881834214,2.776393999433909,1.3930364199508705,1.615180935569285,HG007_novaseq_agilent_100x.haplotypecaller,HG007,agilent,novaseq,100
SNP,PASS,22416,21692,724,26676,702,4284,73,75,0.967702,0.96865,0.160594,0.968175,2.9548500881834214,2.776393999433909,1.3930364199508705,1.615180935569285,HG007_novaseq_agilent_100x.haplotypecaller,HG007,agilent,novaseq,100
INDEL,ALL,478,414,64,873,58,393,15,8,0.866109,0.879167,0.450172,0.872589,,,1.7470588235294118,2.156934306569343,HG007_novaseq_agilent_50x.haplotypecaller,HG007,agilent,novaseq,50
INDEL,PASS,478,414,64,873,58,393,15,8,0.866109,0.879167,0.450172,0.872589,,,1.7470588235294118,2.156934306569343,HG007_novaseq_agilent_50x.haplotypecaller,HG007,agilent,novaseq,50
SNP,ALL,22416,21527,889,26382,712,4145,92,62,0.960341,0.967981,0.157115,0.964146,2.9548500881834214,2.794392523364486,1.3930364199508705,1.5990933280772641,HG007_novaseq_agilent_50x.haplotypecaller,HG007,agilent,novaseq,50
SNP,PASS,22416,21527,889,26382,712,4145,92,62,0.960341,0.967981,0.157115,0.964146,2.9548500881834214,2.794392523364486,1.3930364199508705,1.5990933280772641,HG007_novaseq_agilent_50x.haplotypecaller,HG007,agilent,novaseq,50
INDEL,ALL,478,428,50,908,56,416,10,7,0.895397,0.886179,0.45815,0.890764,,,1.7470588235294118,2.1433566433566433,HG007_novaseq_agilent_75x.haplotypecaller,HG007,agilent,novaseq,75
INDEL,PASS,478,428,50,908,56,416,10,7,0.895397,0.886179,0.45815,0.890764,,,1.7470588235294118,2.1433566433566433,HG007_novaseq_agilent_75x.haplotypecaller,HG007,agilent,novaseq,75
SNP,ALL,22416,21639,777,26607,696,4274,81,68,0.965337,0.968835,0.160634,0.967083,2.9548500881834214,2.7757128670733437,1.3930364199508705,1.6148250098309085,HG007_novaseq_agilent_75x.haplotypecaller,HG007,agilent,novaseq,75
SNP,PASS,22416,21639,777,26607,696,4274,81,68,0.965337,0.968835,0.160634,0.967083,2.9548500881834214,2.7757128670733437,1.3930364199508705,1.6148250098309085,HG007_novaseq_agilent_75x.haplotypecaller,HG007,agilent,novaseq,75
INDEL,ALL,338,300,38,701,71,318,13,11,0.887574,0.814621,0.453638,0.849534,,,1.6774193548387097,2.5721649484536084,HG007_novaseq_idt_100x.haplotypecaller,HG007,idt,novaseq,100
INDEL,PASS,338,300,38,701,71,318,13,11,0.887574,0.814621,0.453638,0.849534,,,1.6774193548387097,2.5721649484536084,HG007_novaseq_idt_100x.haplotypecaller,HG007,idt,novaseq,100
SNP,ALL,20625,19805,820,23897,695,3407,82,80,0.960242,0.966081,0.14257,0.963153,3.029095879710994,2.857534688609229,1.4004424778761062,1.5942863349989138,HG007_novaseq_idt_100x.haplotypecaller,HG007,idt,novaseq,100
SNP,PASS,20625,19805,820,23897,695,3407,82,80,0.960242,0.966081,0.14257,0.963153,3.029095879710994,2.857534688609229,1.4004424778761062,1.5942863349989138,HG007_novaseq_idt_100x.haplotypecaller,HG007,idt,novaseq,100
INDEL,ALL,338,296,42,704,85,314,15,7,0.87574,0.782051,0.446023,0.826248,,,1.6774193548387097,2.782608695652174,HG007_novaseq_idt_50x.haplotypecaller,HG007,idt,novaseq,50
INDEL,PASS,338,296,42,704,85,314,15,7,0.87574,0.782051,0.446023,0.826248,,,1.6774193548387097,2.782608695652174,HG007_novaseq_idt_50x.haplotypecaller,HG007,idt,novaseq,50
SNP,ALL,20625,19742,883,23718,708,3273,78,66,0.957188,0.965371,0.137996,0.961262,3.029095879710994,2.8709414260075055,1.4004424778761062,1.5884279475982532,HG007_novaseq_idt_50x.haplotypecaller,HG007,idt,novaseq,50
SNP,PASS,20625,19742,883,23718,708,3273,78,66,0.957188,0.965371,0.137996,0.961262,3.029095879710994,2.8709414260075055,1.4004424778761062,1.5884279475982532,HG007_novaseq_idt_50x.haplotypecaller,HG007,idt,novaseq,50
INDEL,ALL,338,301,37,711,81,320,15,9,0.890533,0.792839,0.45007,0.838851,,,1.6774193548387097,2.5326633165829144,HG007_novaseq_idt_75x.haplotypecaller,HG007,idt,novaseq,75
INDEL,PASS,338,301,37,711,81,320,15,9,0.890533,0.792839,0.45007,0.838851,,,1.6774193548387097,2.5326633165829144,HG007_novaseq_idt_75x.haplotypecaller,HG007,idt,novaseq,75
SNP,ALL,20625,19780,845,23859,722,3362,86,78,0.95903,0.964775,0.140911,0.961894,3.029095879710994,2.8541902147585985,1.4004424778761062,1.5906572514937534,HG007_novaseq_idt_75x.haplotypecaller,HG007,idt,novaseq,75
SNP,PASS,20625,19780,845,23859,722,3362,86,78,0.95903,0.964775,0.140911,0.961894,3.029095879710994,2.8541902147585985,1.4004424778761062,1.5906572514937534,HG007_novaseq_idt_75x.haplotypecaller,HG007,idt,novaseq,75
INDEL,ALL,1626,1397,229,3500,619,1455,97,61,0.859164,0.697311,0.415714,0.769822,,,1.4422187981510015,2.991841491841492,HG007_novaseq_truseq_50x.haplotypecaller,HG007,truseq,novaseq,50
INDEL,PASS,1626,1397,229,3500,619,1455,97,61,0.859164,0.697311,0.415714,0.769822,,,1.4422187981510015,2.991841491841492,HG007_novaseq_truseq_50x.haplotypecaller,HG007,truseq,novaseq,50
SNP,ALL,30492,29182,1310,35714,1003,5537,158,99,0.957038,0.966763,0.155037,0.961876,2.770676226974904,2.598609991941982,1.3774570982839314,1.5424115091517698,HG007_novaseq_truseq_50x.haplotypecaller,HG007,truseq,novaseq,50
SNP,PASS,30492,29182,1310,35714,1003,5537,158,99,0.957038,0.966763,0.155037,0.961876,2.770676226974904,2.598609991941982,1.3774570982839314,1.5424115091517698,HG007_novaseq_truseq_50x.haplotypecaller,HG007,truseq,novaseq,50
INDEL,ALL,1626,1406,220,3613,646,1530,107,60,0.864699,0.68987,0.423471,0.767454,,,1.4422187981510015,3.1296728971962615,HG007_novaseq_truseq_75x.haplotypecaller,HG007,truseq,novaseq,75
INDEL,PASS,1626,1406,220,3613,646,1530,107,60,0.864699,0.68987,0.423471,0.767454,,,1.4422187981510015,3.1296728971962615,HG007_novaseq_truseq_75x.haplotypecaller,HG007,truseq,novaseq,75
SNP,ALL,30492,29370,1122,36036,1043,5632,144,92,0.963203,0.965695,0.156288,0.964448,2.770676226974904,2.5805522447357965,1.3774570982839314,1.5556974599120192,HG007_novaseq_truseq_75x.haplotypecaller,HG007,truseq,novaseq,75
SNP,PASS,30492,29370,1122,36036,1043,5632,144,92,0.963203,0.965695,0.156288,0.964448,2.770676226974904,2.5805522447357965,1.3774570982839314,1.5556974599120192,HG007_novaseq_truseq_75x.haplotypecaller,HG007,truseq,novaseq,75
